City_ID,City,Country,Max Temp,Current Description,Lat,Lng,Hotel Name
0,Nanortalik,GL,23.14,overcast clouds,60.1432,-45.2371,
1,Puerto Ayora,EC,68.56,overcast clouds,-0.7393,-90.3518,
2,Rikitea,PF,77.92,broken clouds,-23.1203,-134.9692,
3,Kapaa,US,80.58,light rain,22.0752,-159.319,
4,Onomichi,JP,49.89,clear sky,34.4167,133.2,
5,Comodoro Rivadavia,AR,55.26,clear sky,-45.8667,-67.5,
6,Mataura,NZ,64.47,few clouds,-46.1927,168.8643,
7,Bredasdorp,ZA,61.92,overcast clouds,-34.5322,20.0403,
9,Zhuhai,CN,65.05,few clouds,22.2769,113.5678,
10,Saldanha,ZA,60.85,clear sky,-33.0117,17.9442,
11,New Norfolk,AU,77.67,clear sky,-42.7826,147.0587,
12,Kavieng,PG,84.87,light rain,-2.5744,150.7967,
13,Marawi,PH,73.65,overcast clouds,7.9986,124.2928,
14,San Patricio,US,62.58,clear sky,28.017,-97.5169,
15,Avarua,CK,73.45,heavy intensity rain,-21.2078,-159.775,
16,Busselton,AU,63.05,overcast clouds,-33.65,115.3333,
17,Cape Town,ZA,64.81,clear sky,-33.9258,18.4232,
18,Bluff,NZ,64.8,few clouds,-46.6,168.3333,
19,Vaini,TO,86.16,light rain,-21.2,-175.2,
20,Vila Franca Do Campo,PT,56.19,overcast clouds,37.7167,-25.4333,
22,Cockburn Town,TC,80.01,clear sky,21.4612,-71.1419,
23,Meulaboh,ID,77.23,overcast clouds,4.1363,96.1285,
24,Okoneshnikovo,RU,9.59,overcast clouds,54.8377,75.0834,
26,Korla,CN,16.61,few clouds,41.7597,86.1469,
27,Vestmannaeyjar,IS,43.38,overcast clouds,63.4427,-20.2734,
28,Castro,BR,67.1,overcast clouds,-24.7911,-50.0119,
29,Bedele,ET,50.72,overcast clouds,8.456,36.353,
30,Torbay,CA,42.58,overcast clouds,47.6666,-52.7314,
31,Sawakin,SD,80.31,few clouds,19.1059,37.3321,
33,Kasungu,MW,70.63,clear sky,-13.0333,33.4833,
34,Mangaratiba,BR,72.46,overcast clouds,-22.9597,-44.0406,
35,Merauke,ID,79.63,overcast clouds,-8.4667,140.3333,
36,Mehamn,NO,27.36,light snow,71.0357,27.8492,
37,Kajaani,FI,26.65,overcast clouds,64.2273,27.7285,
38,Mahebourg,MU,73.69,light rain,-20.4081,57.7,
39,Hermanus,ZA,62.91,overcast clouds,-34.4187,19.2345,
41,Los Llanos De Aridane,ES,62.35,overcast clouds,28.6585,-17.9182,
42,Ushuaia,AR,42.46,broken clouds,-54.8,-68.3,
44,Bonfim,BR,77.99,overcast clouds,3.0833,-59.95,
45,Kruisfontein,ZA,67.89,light rain,-34.0033,24.7314,
47,Punta Arenas,CL,46.51,broken clouds,-53.15,-70.9167,
48,Constitucion,CL,53.2,clear sky,-35.3333,-72.4167,
49,Kiruna,SE,25.72,overcast clouds,67.8557,20.2251,
50,Puerto Escondido,MX,79.57,clear sky,15.85,-97.0667,
51,Hobart,AU,78.03,few clouds,-42.8794,147.3294,
52,Tasiilaq,GL,32.04,overcast clouds,65.6145,-37.6368,
54,Tezu,IN,58.93,clear sky,27.9167,96.1667,
55,Forquilhinha,BR,73.63,few clouds,-28.7475,-49.4722,
56,Riyadh,SA,48.34,scattered clouds,24.6877,46.7219,
57,Belem De Sao Francisco,BR,80.83,overcast clouds,-8.7539,-38.9658,
58,Jeremie,HT,77.47,clear sky,18.65,-74.1167,
59,Sesheke,ZM,76.93,overcast clouds,-17.4759,24.2968,
60,Stephenville,US,53.92,clear sky,32.2207,-98.2023,
61,Sao Filipe,CV,74.66,overcast clouds,14.8961,-24.4956,
62,Ahuimanu,US,78.85,few clouds,21.4447,-157.8378,
63,Xudat,AZ,42.94,scattered clouds,41.631,48.681000000000004,
64,Namibe,AO,70.2,overcast clouds,-15.1961,12.1522,
65,Touros,BR,81.5,broken clouds,-5.1989,-35.4608,
66,Port Hardy,CA,37.76,broken clouds,50.6996,-127.4199,
67,Kodiak,US,14.29,few clouds,57.79,-152.4072,
68,Mirabad,AF,48.79,clear sky,30.4362,61.8383,
69,Victoria,HK,67.24,clear sky,22.2855,114.1577,
70,Bubaque,GW,80.96,clear sky,11.2833,-15.8333,
71,Antibes,FR,49.69,clear sky,43.5624,7.1278,
72,Maroantsetra,MG,72.07,overcast clouds,-15.4333,49.7333,
73,Kalas,IN,68.18,scattered clouds,18.1667,74.8,
74,Hlotse,LS,59.76,light rain,-28.8718,28.045,
76,Upernavik,GL,5.61,overcast clouds,72.7868,-56.1549,
77,Nabire,ID,83.01,light rain,-3.3667,135.4833,
78,Lorengau,PG,84.58,moderate rain,-2.0226,147.2712,
79,Naze,JP,59.92,overcast clouds,28.3667,129.4833,
80,Esperance,AU,62.44,broken clouds,-33.8667,121.9,
81,Jamestown,US,39.72,clear sky,42.097,-79.2353,
82,Airai,TL,73.71,overcast clouds,-8.9266,125.4092,
83,Sioux Lookout,CA,30.58,scattered clouds,50.1001,-91.917,
84,Chumikan,RU,7.75,overcast clouds,54.7183,135.315,
85,Butaritari,KI,82.49,scattered clouds,3.0707,172.7902,
86,Albany,US,40.8,clear sky,42.6001,-73.9662,
87,Lethem,GY,78.15,overcast clouds,3.3803,-59.7968,
88,Umm Kaddadah,SD,68.85,clear sky,13.6017,26.6876,
89,Saint-Philippe,RE,76.59,scattered clouds,-21.3585,55.7679,
90,Asau,RO,38.39,overcast clouds,46.4333,26.4,
91,Bayan,CN,5.99,broken clouds,46.0833,127.4,
92,Macheng,CN,46.11,clear sky,31.1783,115.0319,
93,Atuona,PF,79.09,overcast clouds,-9.8,-139.0333,
94,Havre,FR,51.57,overcast clouds,49.5833,0.3333,
95,Kaitangata,NZ,61.93,overcast clouds,-46.2817,169.8464,
97,Narrabri,AU,80.53,clear sky,-30.3167,149.7833,
98,Nanyang,CN,40.66,clear sky,32.9947,112.5328,
99,Banikoara,BJ,74.91,overcast clouds,11.2985,2.4386,
100,Maniitsoq,GL,20.79,clear sky,65.4167,-52.9,
101,Ilulissat,GL,2.48,broken clouds,69.2167,-51.1,
102,Lebu,CL,52.88,scattered clouds,-37.6167,-73.65,
103,Dingle,PH,81.88,scattered clouds,10.9995,122.6711,
104,Laguna,US,51.91,light rain,38.421,-121.4238,
105,Houma,US,55.0,broken clouds,29.5958,-90.7195,
106,Hilo,US,77.11,scattered clouds,19.7297,-155.09,
108,Bathsheba,BB,81.21,scattered clouds,13.2167,-59.5167,
109,Isangel,VU,87.91,moderate rain,-19.55,169.2667,
110,Mandalgovi,MN,11.21,clear sky,45.7625,106.2708,
111,East London,ZA,71.96,overcast clouds,-33.0153,27.9116,
112,Jacareacanga,BR,74.52,light rain,-6.2222,-57.7528,
113,Naron,ES,51.67,few clouds,43.5167,-8.1528,
114,Yellowknife,CA,7.32,light snow,62.456,-114.3525,
115,Quatre Cocos,MU,73.51,few clouds,-20.2078,57.7625,
116,Te Anau,NZ,67.82,light rain,-45.4167,167.7167,
118,Sitka,US,28.71,overcast clouds,57.0531,-135.33,
119,Sept-Iles,CA,28.06,scattered clouds,50.2001,-66.3821,
120,Ambulu,ID,82.15,broken clouds,-8.345,113.6058,
122,Zharkent,KZ,27.37,scattered clouds,44.1628,80.0,
123,Atambua,ID,83.35,broken clouds,-9.1061,124.8925,
124,Maldonado,UY,76.39,clear sky,-34.6667,-54.9167,
125,Hoima,UG,65.03,overcast clouds,1.4356,31.3436,
126,Monrovia,LR,76.77,scattered clouds,6.3005,-10.7969,
127,Santa Fe,AR,66.67,light rain,-31.6333,-60.7,
128,Pingliang,CN,26.02,clear sky,35.5392,106.6861,
129,Kilindoni,TZ,79.02,light rain,-7.9139,39.6668,
130,Mwanza,TZ,69.08,light rain,-2.5167,32.9,
131,Bethel,US,42.82,clear sky,41.3712,-73.414,
132,Sosnovoborsk,RU,4.62,overcast clouds,56.1325,93.3589,
133,Ulladulla,AU,73.87,clear sky,-35.35,150.4667,
134,Youkounkoun,GN,76.08,scattered clouds,12.5333,-13.1333,
135,Alofi,NU,80.49,clear sky,-19.0595,-169.9187,
136,Nyanguge,TZ,70.27,light rain,-2.55,33.2,
137,Mossendjo,CG,69.91,overcast clouds,-2.9506,12.7261,
138,Nalut,LY,43.5,clear sky,30.3333,10.85,
139,Waingapu,ID,84.67,broken clouds,-9.6567,120.2641,
141,Zhanaozen,KZ,22.26,clear sky,43.3,52.8,
145,Tura,IN,55.94,clear sky,25.5198,90.2201,
146,Ponta Do Sol,PT,63.72,scattered clouds,32.6667,-17.1,
147,Arraial Do Cabo,BR,74.98,overcast clouds,-22.9661,-42.0278,
148,Portland,US,43.99,broken clouds,45.5234,-122.6762,
149,Palauig,PH,82.31,overcast clouds,15.435,119.9045,
150,Mabopane,ZA,69.66,light rain,-25.4977,28.1007,
151,Talcahuano,CL,56.88,clear sky,-36.7167,-73.1167,
152,Payo,ID,76.89,broken clouds,-3.7508,103.6372,
153,Avera,US,49.51,clear sky,33.194,-82.5271,
154,Fortuna,US,50.67,scattered clouds,40.5982,-124.1573,
155,Santa Marta,CO,82.45,scattered clouds,11.2408,-74.199,
156,Chudovo,RU,29.84,snow,59.1167,31.6833,
157,Vardo,NO,29.46,broken clouds,70.3705,31.1107,
158,Terra Santa,BR,76.24,overcast clouds,-2.1042,-56.4869,
159,Alice Springs,AU,85.55,clear sky,-23.7,133.8833,
160,Russell,US,46.38,clear sky,32.3502,-85.1999,
161,Hai Duong,VN,62.71,scattered clouds,20.9333,106.3167,
162,Carnarvon,AU,73.47,clear sky,-24.8667,113.6333,
163,Vao,NC,77.02,light rain,-22.6667,167.4833,
164,Mayumba,GA,76.44,light rain,-3.432,10.6554,
165,Lagos,NG,78.03,overcast clouds,6.5833,3.75,
166,Cabedelo,BR,79.47,broken clouds,-6.9811,-34.8339,
167,Sibolga,ID,77.77,overcast clouds,1.7427,98.7792,
168,Faanui,PF,81.36,light rain,-16.4833,-151.75,
169,Sonepur,IN,61.47,broken clouds,20.8333,83.9167,
170,Lewistown,US,40.51,light intensity drizzle,40.5992,-77.5714,
171,Ternate,ID,83.61,overcast clouds,0.8,127.4,
172,Colombia,CU,72.63,clear sky,20.9881,-77.4297,
173,Miranda,CO,64.53,overcast clouds,3.2499,-76.2281,
174,Goderich,CA,43.12,clear sky,43.7501,-81.7165,
175,Georgetown,MY,81.9,few clouds,5.4112,100.3354,
177,Hualmay,PE,68.0,broken clouds,-11.0964,-77.6139,
178,Bambous Virieux,MU,73.65,light rain,-20.3428,57.7575,
179,Hovd,MN,6.98,scattered clouds,48.0056,91.6419,
180,Inirida,CO,77.45,broken clouds,3.8653,-67.9239,
181,Nisia Floresta,BR,82.78,broken clouds,-6.0911,-35.2086,
182,Halifax,CA,37.45,clear sky,44.6453,-63.5724,
183,Awbari,LY,50.14,clear sky,26.5921,12.7805,
184,General Roca,AR,66.61,clear sky,-39.0333,-67.5833,
185,Evensk,RU,10.49,overcast clouds,61.95,159.2333,
186,Cap Malheureux,MU,73.47,clear sky,-19.9842,57.6142,
187,Qianan,CN,9.59,clear sky,44.9932,124.0581,
188,Port Blair,IN,80.31,few clouds,11.6667,92.75,
189,Bahia Blanca,AR,69.53,overcast clouds,-38.7196,-62.2724,
190,Ostrovnoy,RU,29.59,light snow,68.0531,39.5131,
192,Chuy,UY,67.68,clear sky,-33.6971,-53.4616,
193,Abidjan,CI,82.36,few clouds,5.3094,-4.0197,
194,Lompoc,US,57.34,clear sky,34.6391,-120.4579,
195,Zambezi,ZM,66.74,light rain,-13.5432,23.1047,
196,Port Alfred,ZA,71.69,overcast clouds,-33.5906,26.891,
199,Bambanglipuro,ID,71.6,overcast clouds,-7.95,110.2833,
200,Nikolskoye,RU,24.69,snow,59.7035,30.7861,
201,Longyearbyen,SJ,26.89,overcast clouds,78.2186,15.6401,
202,Kilemary,RU,13.39,broken clouds,56.7783,46.8659,
203,Redmond,US,41.49,overcast clouds,47.674,-122.1215,
204,Nemuro,JP,31.57,scattered clouds,43.3236,145.575,
206,Zavetnoye,RU,27.18,overcast clouds,47.1194,43.8903,
207,San Cristobal,VE,64.98,overcast clouds,7.7669,-72.225,
208,Saint Anthony,US,33.82,broken clouds,45.0205,-93.21799999999999,
209,Mineros,BO,75.51,overcast clouds,-17.1167,-63.2333,
210,Ambon,ID,86.14,scattered clouds,-3.6954,128.1814,
211,Coahuayana,MX,76.42,clear sky,18.7333,-103.6833,
212,Utena,LT,30.16,overcast clouds,55.5,25.6,
213,Nipawin,CA,19.44,light snow,53.3668,-104.0009,
214,Ormara,PK,69.58,clear sky,25.2088,64.6357,
215,Cidreira,BR,71.55,clear sky,-30.1811,-50.2056,
216,Paamiut,GL,11.46,few clouds,61.994,-49.6678,
217,Mezen,RU,12.13,overcast clouds,65.8522,44.24,
218,Kariba,ZW,75.85,few clouds,-16.5167,28.8,
219,Tornio,FI,32.02,overcast clouds,65.8481,24.1466,
220,Bukama,CD,69.01,overcast clouds,-9.2,25.85,
221,Gravdal,NO,35.33,broken clouds,68.1214,13.5031,
223,Price,US,33.73,few clouds,39.5994,-110.8107,
224,Severo-Kurilsk,RU,34.05,scattered clouds,50.6789,156.125,
225,Geraldton,AU,73.13,clear sky,-28.7667,114.6,
226,Mayo,US,44.1,clear sky,38.8876,-76.5119,
227,Koumac,NC,76.59,moderate rain,-20.5667,164.2833,
228,Khani,GE,42.37,broken clouds,41.9563,42.9566,
229,Sola,VU,80.74,light rain,-13.8833,167.55,
230,Krasne,UA,29.55,light snow,49.9145,24.6134,
231,Borovichi,RU,33.15,light snow,58.3878,33.9155,
232,Griffith,US,44.89,clear sky,41.5284,-87.4237,
234,Nelson Bay,AU,77.29,few clouds,-32.7167,152.15,
235,Ballina,AU,73.78,broken clouds,-28.8667,153.5667,
236,Poum,NC,78.13,moderate rain,-20.2333,164.0167,
237,Camacha,PT,59.76,scattered clouds,33.0833,-16.3333,
238,Warangal,IN,63.48,few clouds,18.0,79.5833,
240,Toora-Khem,RU,1.09,overcast clouds,52.4675,96.11,
241,Gamba,GA,75.31,light rain,-2.65,10.0,
242,Maracacume,BR,77.09,few clouds,-2.0428,-45.9592,
243,Kapit,MY,79.11,overcast clouds,2.0167,112.9333,
244,Vammala,FI,28.29,overcast clouds,61.3333,22.9,
245,Chippewa Falls,US,34.74,overcast clouds,44.9369,-91.3929,
246,Havre-Saint-Pierre,CA,27.73,clear sky,50.2334,-63.5986,
247,Panguna,PG,80.89,light rain,-6.3164,155.4848,
248,Utete,TZ,71.83,overcast clouds,-7.986000000000001,38.758,
249,Gisborne,NZ,68.95,overcast clouds,-38.6533,178.0042,
250,Kuito,AO,60.44,light rain,-12.3833,16.9333,
251,Taltal,CL,62.89,clear sky,-25.4,-70.4833,
253,Iranshahr,IR,52.27,clear sky,27.2025,60.6848,
254,Port Lincoln,AU,64.2,overcast clouds,-34.7333,135.8667,
255,Sosva,RU,15.26,broken clouds,59.1766,61.8558,
256,Okhotsk,RU,2.57,overcast clouds,59.3833,143.3,
257,Luoyang,CN,36.75,clear sky,34.6836,112.4536,
258,Rock Sound,BS,78.66,clear sky,24.9,-76.2,
259,Necochea,AR,58.03,few clouds,-38.5473,-58.7368,
260,Vostok,RU,2.37,light snow,46.4856,135.8833,
261,Aylmer,CA,43.05,clear sky,42.7668,-80.983,
262,Basco,PH,76.24,clear sky,20.4487,121.9702,
263,Port Macquarie,AU,77.9,clear sky,-31.4333,152.9167,
264,Tamandare,BR,78.73,few clouds,-8.7597,-35.1047,
265,Antofagasta,CL,62.83,scattered clouds,-23.65,-70.4,
266,Cariamanga,EC,53.67,light rain,-4.3333,-79.55,
267,Padang,ID,77.05,overcast clouds,-0.9492,100.3543,
269,Cabo San Lucas,MX,75.51,scattered clouds,22.8909,-109.9124,
271,Rio Gallegos,AR,45.72,clear sky,-51.6226,-69.2181,
272,Bagotville,AU,73.63,broken clouds,-28.9833,153.4167,
273,Sungai Besar,MY,77.81,broken clouds,3.6746,100.9867,
275,Huarmey,PE,68.43,overcast clouds,-10.0681,-78.1522,
276,Seoul,KR,27.79,clear sky,37.5683,126.9778,
277,Olga,RU,16.43,clear sky,43.7444,135.2892,
278,Carahue,CL,46.54,few clouds,-38.7,-73.1667,
279,Toamasina,MG,73.87,scattered clouds,-18.1667,49.3833,
280,Petropavlovsk-Kamchatskiy,RU,27.19,clear sky,53.0452,158.6483,
281,La Maddalena,IT,42.85,clear sky,41.2142,9.4083,
282,Ribeira Grande,PT,58.24,overcast clouds,38.5167,-28.7,
283,Flin Flon,CA,10.29,overcast clouds,54.7682,-101.865,
284,Mandera,KE,80.28,overcast clouds,3.9366,41.867,
285,Eyl,SO,74.43,clear sky,7.9803,49.8164,
286,Emporia,US,44.8,clear sky,38.4039,-96.1817,
287,Guerrero Negro,MX,62.56,overcast clouds,27.9769,-114.0611,
288,Port Elizabeth,ZA,70.11,light rain,-33.918,25.5701,
289,Coihaique,CL,50.61,overcast clouds,-45.5752,-72.0662,
290,Gat,IL,70.92,overcast clouds,31.61,34.7642,
291,Pisco,PE,64.02,few clouds,-13.7,-76.2167,
292,Sint-Gillis-Waas,BE,51.06,overcast clouds,51.228,4.1206,
293,Byron Bay,AU,77.88,broken clouds,-28.65,153.6167,
294,Chifeng,CN,19.89,clear sky,42.2683,118.9636,
295,Kem,RU,23.47,overcast clouds,64.9555,34.5793,
298,Faya,SA,41.52,clear sky,18.3851,42.4509,
299,Ukiah,US,53.44,overcast clouds,39.1502,-123.2078,
300,Oberkirch,DE,43.41,overcast clouds,48.5324,8.0786,
301,Gizo,SB,85.69,scattered clouds,-8.103,156.8419,
302,Ambilobe,MG,72.25,clear sky,-13.2,49.05,
303,Morondava,MG,78.21,clear sky,-20.2833,44.2833,
304,Lima,PE,65.14,scattered clouds,-12.0432,-77.0282,
305,Sarankhola,BD,56.95,clear sky,22.3082,89.7897,
306,Bazarnyye Mataki,RU,13.14,few clouds,54.8833,49.9333,
307,Palmer,US,39.13,clear sky,42.1584,-72.3287,
308,Trincomalee,LK,80.31,overcast clouds,8.5711,81.2335,
309,Kang,BW,70.83,overcast clouds,-23.6752,22.7876,
311,Bandarbeyla,SO,75.9,clear sky,9.4942,50.8122,
312,Maues,BR,74.71,light rain,-3.3836,-57.7186,
313,Pechenga,RU,31.06,overcast clouds,69.5259,31.1703,
314,Auki,SB,86.2,overcast clouds,-8.7676,160.7034,
315,Bumba,CD,73.0,scattered clouds,2.1833,22.4667,
316,Port Hedland,AU,87.85,clear sky,-20.3167,118.5667,
317,Rosarito,MX,59.95,clear sky,32.3333,-117.0333,
318,Plettenberg Bay,ZA,65.23,light rain,-34.0527,23.3716,
319,Katsuura,JP,53.71,broken clouds,35.1333,140.3,
320,Bac Lieu,VN,77.31,broken clouds,9.285,105.7244,
321,Capaci,IT,50.25,scattered clouds,38.1711,13.2393,
322,Tigil,RU,21.52,overcast clouds,57.8,158.6667,
323,Kijang,KR,36.9,clear sky,35.2442,129.2139,
324,Tual,ID,83.88,overcast clouds,-5.6667,132.75,
325,La Palma,US,63.91,clear sky,33.8464,-118.0467,
326,Kanel,SN,79.32,overcast clouds,15.4916,-13.1763,
327,Nandura,IN,63.16,overcast clouds,20.8333,76.45,
328,Vestmanna,FO,38.32,overcast clouds,62.1564,-7.1664,
329,Erenhot,CN,16.79,clear sky,43.6475,111.9767,
330,Havoysund,NO,34.68,light rain,70.9963,24.6622,
331,Oltu,TR,35.4,clear sky,40.5498,42.0013,
332,Aki,JP,52.07,clear sky,33.5,133.9,
333,San Quintin,MX,58.01,clear sky,30.4833,-115.95,
334,Muri,IN,60.03,overcast clouds,23.3667,85.8667,
335,Hithadhoo,MV,80.85,scattered clouds,-0.6,73.0833,
336,Mar Del Plata,AR,66.22,clear sky,-38.0023,-57.5575,
337,Butembo,CD,59.18,overcast clouds,0.15,29.2833,
338,Kondinskoye,RU,12.16,overcast clouds,59.6481,67.41,
339,Mantua,IT,42.44,overcast clouds,45.1667,10.7833,
340,Kassala,SD,72.75,clear sky,15.450999999999999,36.4,
341,Hamilton,US,41.76,clear sky,39.1834,-84.5333,
342,Lancaster,US,40.32,clear sky,40.2504,-76.2499,
343,Manokwari,ID,83.23,overcast clouds,-0.8667,134.0833,
344,Batticaloa,LK,78.69,light rain,7.7102,81.6924,
345,Winnemucca,US,44.65,overcast clouds,40.973,-117.7357,
347,Hoquiam,US,41.02,few clouds,46.9809,-123.8893,
348,Barreiras,BR,71.92,overcast clouds,-12.1528,-44.99,
349,Sandwick,GB,49.82,overcast clouds,60.0,-1.25,
350,Narsaq,GL,17.82,scattered clouds,60.9167,-46.05,
351,San Angelo,US,57.88,clear sky,31.4638,-100.43700000000001,
352,Grand Gaube,MU,73.38,clear sky,-20.0064,57.6608,
353,Cayenne,GF,76.08,broken clouds,4.9333,-52.3333,
354,Lamu,KE,82.62,light rain,-2.2717,40.902,
355,Tuatapere,NZ,64.81,broken clouds,-46.1333,167.6833,
356,Ancud,CL,52.43,overcast clouds,-41.8697,-73.8203,
358,Moerai,PF,78.35,light rain,-22.4333,-151.3333,
359,Nanlong,CN,47.21,scattered clouds,31.3533,106.0631,
360,Mumford,GH,80.13,scattered clouds,5.2618,-0.759,
361,Carutapera,BR,80.11,scattered clouds,-1.195,-46.02,
362,Saint-Augustin,CA,27.23,overcast clouds,51.226000000000006,-58.6502,
364,Atasu,KZ,13.05,overcast clouds,48.6814,71.6433,
365,Sinnamary,GF,77.02,moderate rain,5.3833,-52.95,
366,Porto Novo,BJ,79.36,few clouds,6.4965,2.6036,
368,Little Current,CA,41.41,scattered clouds,45.9793,-81.9248,
369,Guipavas,FR,51.96,overcast clouds,48.4352,-4.3972,
370,Baiyin,CN,25.7,clear sky,36.5583,104.2081,
371,Skjervoy,NO,35.04,light rain,70.0311,20.9714,
372,Saint George,US,47.95,clear sky,37.1041,-113.5841,
374,Maloy,NO,44.73,overcast clouds,61.9353,5.1136,
375,Antalaha,MG,72.07,light rain,-14.9003,50.2788,
376,Honiara,SB,85.17,overcast clouds,-9.4333,159.95,
377,Weyburn,CA,30.18,overcast clouds,49.6668,-103.8511,
378,Acajutla,SV,79.61,scattered clouds,13.5928,-89.8275,
381,Bogorodskoye,RU,24.1,overcast clouds,56.55,37.8833,
382,Harlingen,US,66.34,overcast clouds,26.1906,-97.6961,
383,Manthani,IN,61.79,overcast clouds,18.65,79.6667,
385,Corinto,GR,56.44,broken clouds,37.9407,22.9573,
386,Sobolevo,RU,31.53,overcast clouds,54.4299,31.8996,
387,Iqaluit,CA,4.69,overcast clouds,63.7506,-68.5145,
388,Port Augusta,AU,66.34,light rain,-32.5,137.7667,
389,Raton,US,47.19,clear sky,36.9034,-104.4391,
390,Chapleau,CA,33.03,few clouds,47.8405,-83.4034,
391,Richards Bay,ZA,75.09,overcast clouds,-28.783,32.0377,
392,Buala,SB,84.42,light rain,-8.145,159.5921,
393,Kahului,US,79.97,broken clouds,20.8947,-156.47,
394,Paita,PE,67.39,broken clouds,-5.0892,-81.1144,
395,Boyolangu,ID,82.04,broken clouds,-8.1181,111.8935,
396,Amalapuram,IN,77.38,overcast clouds,16.5833,82.0167,
397,Norrtalje,SE,33.08,scattered clouds,59.758,18.705,
398,Boa Vista,BR,80.58,scattered clouds,2.8197,-60.6733,
399,Dagana,MR,79.3,overcast clouds,16.5165,-15.5068,
400,Dabola,GN,71.87,scattered clouds,10.75,-11.1167,
401,Bulolo,PG,80.08,overcast clouds,-7.2,146.65,
402,Yulara,AU,88.36,few clouds,-25.2406,130.9889,
403,Manihari,IN,56.7,clear sky,25.35,87.6333,
404,Kudahuvadhoo,MV,79.54,overcast clouds,2.6708,72.8944,
405,Moron,AR,76.96,overcast clouds,-34.6534,-58.6198,
406,Mungwi,ZM,62.92,broken clouds,-10.1732,31.3694,
407,Shubarshi,KZ,14.47,clear sky,48.5872,57.1869,
408,Mabaruma,GY,72.84,overcast clouds,8.2,-59.7833,
409,Pershotravneve,UA,37.69,overcast clouds,51.3929,28.8684,
410,Nizwa,OM,59.7,clear sky,22.9333,57.5333,
411,Hambantota,LK,75.54,few clouds,6.1241,81.1185,
412,Shakawe,BW,69.78,overcast clouds,-18.3667,21.85,
414,Phan Thiet,VN,76.42,broken clouds,10.9333,108.1,
415,Herat,AF,36.64,clear sky,34.5,62.0,
416,Mandalgarh,IN,55.47,scattered clouds,25.2,75.1,
417,Harper,LR,79.63,few clouds,4.375,-7.7169,
419,Vigrestad,NO,45.0,overcast clouds,58.5667,5.7,
421,Naryan-Mar,RU,13.98,overcast clouds,67.6713,53.086999999999996,
422,Pauini,BR,75.04,overcast clouds,-7.7136,-66.9764,
423,Quelimane,MZ,78.58,few clouds,-17.8786,36.8883,
424,Oktyabrskiy,RU,9.37,few clouds,54.4815,53.471000000000004,
425,Lively,CA,39.02,few clouds,46.4334,-81.1498,
426,Atar,MR,69.51,overcast clouds,20.5169,-13.0499,
427,Luena,AO,64.06,moderate rain,-11.7833,19.9167,
428,Ararangua,BR,74.86,broken clouds,-28.9347,-49.4858,
429,Arroyo,ES,44.73,fog,41.6096,-4.7969,
430,Waipawa,NZ,65.93,overcast clouds,-41.4122,175.5153,
431,Namatanai,PG,86.88,overcast clouds,-3.6667,152.4333,
433,Powell River,CA,39.07,mist,49.8496,-124.5361,
434,Kortkeros,RU,1.4,scattered clouds,61.8106,51.5806,
435,Salinas,US,54.82,overcast clouds,36.6777,-121.6555,
436,Ler,SS,76.12,broken clouds,8.3018,30.1418,
437,Mastic Beach,US,46.44,clear sky,40.7668,-72.8521,
438,Roding,DE,38.05,light rain,49.1964,12.5186,
439,Kayes,ML,78.76,few clouds,14.0,-11.0,
440,Dhankuta,NP,45.9,clear sky,26.9833,87.3333,
441,Tarrafal,CV,74.19,overcast clouds,15.2833,-23.7667,
442,Evansville,US,43.2,clear sky,37.9748,-87.5558,
443,Lichtenburg,ZA,63.77,light rain,-26.151999999999997,26.1597,
444,Svetlyy,RU,30.25,overcast clouds,54.675,20.1347,
446,Mercedes,AR,66.88,light rain,-34.6515,-59.4307,
447,Mundargi,IN,68.41,broken clouds,15.2167,75.9,
449,Cooma,AU,71.51,clear sky,-36.2333,149.1333,
450,Tessalit,ML,67.73,broken clouds,20.1986,1.0114,
451,Betafo,MG,57.74,clear sky,-19.8333,46.85,
452,Moshi,TZ,69.37,clear sky,-3.35,37.3333,
454,Shimoda,JP,58.1,clear sky,34.6667,138.95,
455,Tefe,BR,75.31,overcast clouds,-3.3542,-64.7114,
456,Rio De Janeiro,BR,78.91,clear sky,-22.9028,-43.2075,
457,Lagoa,PT,57.49,overcast clouds,39.05,-27.9833,
458,Dzhankoy,UA,46.22,overcast clouds,45.7167,34.4,
459,Gibraleon,ES,53.02,clear sky,37.3763,-6.968999999999999,
461,Phangnga,TH,83.91,few clouds,8.4509,98.5298,
462,Beyneu,KZ,21.42,clear sky,45.3167,55.2,
463,Odesskoye,RU,8.69,overcast clouds,54.2111,72.9651,
464,Dayong,CN,64.89,overcast clouds,25.0209,118.2898,
465,Homer,US,13.87,clear sky,59.6425,-151.5483,
466,Tanout,NE,64.24,broken clouds,14.9709,8.8879,
467,Springbok,ZA,58.01,overcast clouds,-29.6643,17.8865,
468,Sao Joao Da Barra,BR,76.33,overcast clouds,-21.6403,-41.0511,
469,Yeppoon,AU,82.18,few clouds,-23.1333,150.7333,
470,Mahon,ES,48.76,clear sky,39.8885,4.2658,
471,Goma,CD,61.61,overcast clouds,-1.6792,29.2228,
472,Alpena,US,41.32,clear sky,45.0617,-83.4327,
473,Nemsova,SK,31.57,broken clouds,48.967,18.1189,
474,Swellendam,ZA,64.04,overcast clouds,-34.0226,20.4417,
475,Choix,MX,70.92,clear sky,26.7092,-108.3219,
476,Rayon,MX,61.95,clear sky,19.1444,-99.5836,
477,Menongue,AO,63.77,overcast clouds,-14.6585,17.691,
478,Vila,PT,44.33,clear sky,42.0304,-8.1588,
479,Kuusamo,FI,23.04,overcast clouds,65.9667,29.1833,
480,Kirkuk,IQ,55.78,overcast clouds,35.4681,44.3922,
482,Powell,US,40.3,clear sky,40.1578,-83.0752,
483,Chicama,PE,63.14,broken clouds,-7.8447,-79.1469,
484,Dodge City,US,50.25,clear sky,37.7528,-100.0171,
485,Khartoum,SD,76.01,clear sky,15.5518,32.5324,
486,Horsham,GB,53.33,broken clouds,51.06399999999999,-0.3272,
487,Kiama,AU,74.37,clear sky,-34.6833,150.8667,
488,Hatillo,PR,78.93,scattered clouds,18.4863,-66.8254,
489,Mitsamiouli,KM,79.88,overcast clouds,-11.3847,43.2844,
490,Samarai,PG,85.08,overcast clouds,-10.6167,150.6667,
491,Pangai,TO,79.38,few clouds,-19.8,-174.35,
493,Coquimbo,CL,60.53,clear sky,-29.9533,-71.3436,
494,Dobson,US,43.16,clear sky,36.3957,-80.7226,
495,Rivers,CA,25.39,clear sky,50.0308,-100.2403,
496,Indi,IN,71.01,overcast clouds,17.1667,75.9667,
497,Yalova,TR,54.84,light rain,40.655,29.2769,
499,Pandan,PH,79.45,broken clouds,14.0453,124.1694,
500,Wanning,CN,69.78,overcast clouds,18.8003,110.3967,
502,Olinda,BR,82.13,broken clouds,-8.0089,-34.8553,
503,Ilebo,CD,71.04,overcast clouds,-4.3167,20.5833,
504,Sabang,ID,82.04,scattered clouds,5.8933,95.3214,
505,Karatau,KZ,41.45,overcast clouds,43.1667,70.4667,
506,Rudnichnyy,RU,2.52,broken clouds,59.617,52.4703,
507,Inndyr,NO,34.77,light snow,67.0338,14.0276,
508,Masindi,UG,65.32,overcast clouds,1.6744,31.715,
509,Tulun,RU,13.41,overcast clouds,54.5611,100.5792,
510,Aksarayskiy,RU,24.75,clear sky,46.7924,48.0119,
511,Honningsvag,NO,31.1,light snow,70.9821,25.9704,
512,Terrace Bay,CA,33.62,overcast clouds,48.7834,-87.1,
513,Kavaratti,IN,81.61,broken clouds,10.5669,72.642,
514,San Ignacio,BZ,75.34,broken clouds,17.1561,-89.0714,
515,Shelburne,CA,36.59,clear sky,44.0787,-80.2041,
516,Palana,RU,13.33,overcast clouds,59.1167,159.9667,
517,Bilma,NE,63.95,few clouds,18.6853,12.9164,
518,Celestun,MX,77.68,clear sky,20.8667,-90.4,
519,Morgan City,US,54.0,clear sky,29.6994,-91.2068,
521,Topolobampo,MX,72.05,overcast clouds,25.6,-109.05,
522,Itaituba,BR,74.86,moderate rain,-4.2761,-55.9836,
523,Ust-Tsilma,RU,17.94,overcast clouds,65.441,52.1498,
525,Klaksvik,FO,40.12,overcast clouds,62.2266,-6.5889999999999995,
526,Barguzin,RU,19.36,light snow,53.6167,109.6167,
527,Yaan,NG,77.4,scattered clouds,7.3833,8.5667,
528,Kawalu,ID,77.9,overcast clouds,-7.3817,108.2082,
529,Wamba,NG,74.8,clear sky,8.9333,8.6,
530,Unguia,CO,74.48,overcast clouds,8.0434,-77.0945,
531,Sable-Sur-Sarthe,FR,50.25,scattered clouds,47.8376,-0.3329,
532,Vila Velha,BR,78.94,light rain,-20.3297,-40.2925,
533,Wagar,SD,70.86,clear sky,16.1525,36.2032,
534,Mwingi,KE,63.37,overcast clouds,-0.9344,38.0601,
535,Nkhata Bay,MW,77.13,light rain,-11.6066,34.2907,
536,Sorland,NO,36.99,overcast clouds,67.667,12.6934,
537,Hasaki,JP,54.28,broken clouds,35.7333,140.8333,
538,Miandrivazo,MG,79.02,light rain,-19.5167,45.4667,
540,Aloleng,PH,81.55,overcast clouds,16.1307,119.7824,
541,Zilina,SK,23.18,broken clouds,49.1667,19.1667,
542,Asyut,EG,63.95,overcast clouds,27.180999999999997,31.1837,
543,Hirara,JP,69.24,overcast clouds,24.8,125.2833,
544,Svetlogorsk,BY,36.57,overcast clouds,52.6333,29.7333,
546,The Valley,AI,81.1,few clouds,18.217,-63.0578,
547,Altay,CN,10.71,overcast clouds,47.8667,88.1167,
548,Dicabisagan,PH,74.95,overcast clouds,17.0818,122.4157,
549,Paralia,GR,55.51,overcast clouds,38.2,21.7,
550,Kjopsvik,NO,30.07,overcast clouds,68.097,16.3742,
551,Urumqi,CN,5.95,clear sky,43.801,87.6005,
552,Marsaxlokk,MT,55.08,few clouds,35.8419,14.5431,
553,Kamiiso,JP,28.78,light shower snow,41.8167,140.65,
554,Bereda,ES,46.89,few clouds,43.2686,-7.5406,
555,Shache,CN,20.39,scattered clouds,38.4167,77.2406,
556,Puli,TW,70.21,clear sky,23.9664,120.9695,
557,Sur,OM,70.43,clear sky,22.5667,59.5289,
558,Turan,VN,73.38,broken clouds,16.0678,108.2208,
559,Japura,ID,75.97,overcast clouds,-0.3167,102.35,
560,Potsdam,DE,42.22,overcast clouds,52.3989,13.0657,
561,Campeche,MX,76.23,overcast clouds,19.0,-90.5,
564,Rock Springs,US,27.84,clear sky,41.5875,-109.2029,
565,Mitu,CO,74.55,overcast clouds,1.1983,-70.1733,
566,Kenora,CA,32.77,overcast clouds,49.8167,-94.4337,
567,Nakhodka,RU,18.55,clear sky,42.8333,132.8947,
568,Helena,US,40.24,overcast clouds,46.5927,-112.0361,
569,Callaguip,PH,83.05,scattered clouds,18.0714,120.4867,
570,Olafsvik,IS,41.77,overcast clouds,64.8945,-23.7142,
572,Placer,US,43.66,moderate rain,39.0666,-120.7677,
573,Kurtamysh,RU,13.68,scattered clouds,54.9103,64.4319,
574,Harer,ET,58.14,overcast clouds,9.3094,42.1258,
575,Oudtshoorn,ZA,62.96,broken clouds,-33.5907,22.2014,
576,Tabou,CI,79.74,few clouds,4.423,-7.3528,
577,Lillooet,CA,32.76,broken clouds,50.6856,-121.94200000000001,
578,Ahipara,NZ,69.58,light rain,-35.1667,173.1667,
579,Mana,GF,76.75,light rain,5.6592,-53.7767,
580,Arman,RU,9.7,light snow,59.7,150.1667,
581,New Bern,US,46.98,clear sky,35.1085,-77.0441,
582,Vanimo,PG,84.65,moderate rain,-2.6741,141.3028,
583,Nikolayevsk-Na-Amure,RU,24.26,light snow,53.1406,140.73,
584,Copiapo,CL,56.89,clear sky,-27.3667,-70.3333,
585,Molinella,IT,39.63,broken clouds,44.6213,11.6686,
586,Mineiros,BR,71.46,moderate rain,-17.5694,-52.5511,
587,Palu,ID,86.72,overcast clouds,-0.8917,119.8707,
588,Rawson,AR,56.57,light rain,-43.3002,-65.1023,
589,Cape Canaveral,US,73.47,few clouds,28.4058,-80.6048,
590,Laredo,US,62.85,clear sky,27.5064,-99.5075,
591,Harnosand,SE,26.62,scattered clouds,62.6323,17.9379,
592,Gijon,ES,50.0,few clouds,43.5357,-5.6615,
593,Kabanjahe,ID,61.56,overcast clouds,3.1001,98.4908,
594,Brae,GB,49.91,overcast clouds,60.3964,-1.3530000000000002,
595,Boden,SE,32.0,overcast clouds,65.8252,21.6886,
596,Dengzhou,CN,37.02,clear sky,37.8086,120.7508,
597,Masatepe,NI,73.6,clear sky,11.9184,-86.1447,
598,San-Pedro,CI,79.09,clear sky,4.7485,-6.6363,
599,Mount Gambier,AU,73.6,light rain,-37.8333,140.7667,
600,Teruel,ES,40.96,overcast clouds,40.6667,-0.6667,
601,Salalah,OM,71.69,clear sky,17.0151,54.0924,
602,Jalu,LY,53.17,clear sky,29.0331,21.5482,
603,Anderson,US,46.24,clear sky,34.5334,-82.6499,
604,Carlsbad,US,60.98,clear sky,33.1581,-117.3506,
605,Krasnomayskiy,RU,32.65,light snow,57.6194,34.4099,
606,San Juan De Uraba,CO,77.81,overcast clouds,8.7592,-76.5297,
607,Anshun,CN,39.83,overcast clouds,26.25,105.9333,
608,Harqalah,TN,51.66,few clouds,36.0303,10.509,
609,Huatulco,MX,79.86,few clouds,15.8436,-96.3267,
610,Tamalameque,CO,76.69,overcast clouds,8.8522,-73.8123,
611,Boma,GH,73.63,broken clouds,7.0805,-2.1697,
612,Tiruvalla,IN,71.82,broken clouds,9.3833,76.5667,
613,Moranbah,AU,86.59,clear sky,-22.0016,148.0466,
614,Laibin,CN,54.75,clear sky,23.7,109.2667,
615,Robertsport,LR,80.29,light rain,6.7533,-11.3686,
617,Owando,CG,70.81,overcast clouds,-0.4819,15.8999,
618,Sisimiut,GL,15.39,few clouds,66.9395,-53.6735,
619,Banda Aceh,ID,79.02,broken clouds,5.5577,95.3222,
620,La Asuncion,VE,76.46,scattered clouds,11.0333,-63.8628,
621,San Policarpo,PH,80.47,light rain,12.1791,125.5072,
622,Sovetskiy,RU,10.78,overcast clouds,61.3614,63.5842,
623,Vung Tau,VN,76.84,few clouds,10.345999999999998,107.0843,
624,Qaqortoq,GL,18.1,overcast clouds,60.7167,-46.0333,
625,Endicott,US,39.99,clear sky,42.0984,-76.0494,
626,Kloulklubed,PW,84.7,scattered clouds,7.0419,134.2556,
627,Bengkulu,ID,78.73,broken clouds,-3.8004,102.2655,
628,Viransehir,TR,50.29,overcast clouds,37.2353,39.7631,
629,Traiguen,CL,49.26,broken clouds,-38.25,-72.6833,
630,Mathathane,BW,82.02,overcast clouds,-22.2687,28.7495,
631,Chiang Khong,TH,65.8,scattered clouds,20.2613,100.4046,
632,Poya,NC,76.3,moderate rain,-21.35,165.15,
634,Morwa,IN,64.99,clear sky,22.9,73.8333,
635,Keshorai Patan,IN,54.63,overcast clouds,25.3,75.9333,
636,Pacific Grove,US,54.43,overcast clouds,36.6177,-121.9166,
637,La Ciotat,FR,39.07,overcast clouds,43.1748,5.6045,
638,Kargil,IN,7.18,overcast clouds,34.5667,76.1,
639,Grand-Santi,GF,73.47,light rain,4.25,-54.3833,
640,Souillac,MU,73.36,light rain,-20.5167,57.5167,
641,Wajir,KE,76.55,overcast clouds,1.7471,40.0573,
642,Manjacaze,MZ,76.24,overcast clouds,-24.7117,33.8828,
643,Adet,ET,53.78,broken clouds,11.2644,37.4888,
644,Muli,MV,80.19,broken clouds,2.9167,73.5667,
645,Hofn,IS,38.98,moderate rain,64.2539,-15.2082,
646,Loknya,RU,33.08,overcast clouds,56.83,30.1467,
647,Susurluk,TR,52.29,light rain,39.9136,28.1578,
649,Dieburg,DE,43.75,overcast clouds,49.8989,8.8444,
650,Alta Floresta,BR,73.06,heavy intensity rain,-9.8756,-56.0861,
651,Luwuk,ID,86.86,overcast clouds,-0.9516,122.7875,
652,Yurimaguas,PE,80.73,broken clouds,-5.9,-76.0833,
653,Venustiano Carranza,MX,66.18,scattered clouds,19.43,-99.0992,
654,Goba,ET,49.95,overcast clouds,7.0167,39.9833,
655,Matay,EG,61.93,overcast clouds,28.419,30.7792,
656,Mizan Teferi,ET,62.78,broken clouds,6.9833,35.5833,
657,Ossora,RU,10.71,snow,59.2353,163.0719,
658,Blackwater,AU,87.08,few clouds,-23.5833,148.8833,
659,Bonanza,NI,69.15,clear sky,14.0289,-84.59100000000001,
660,Lodwar,KE,80.4,overcast clouds,3.1191,35.5973,
661,Agadir,MA,54.05,overcast clouds,30.4202,-9.5982,
662,Imeni Babushkina,RU,20.43,overcast clouds,59.7573,43.1285,
663,Lohja,FI,33.22,overcast clouds,60.2486,24.0653,
664,Cacequi,BR,77.5,clear sky,-29.8836,-54.825,
665,Kremenchuk,UA,38.08,overcast clouds,49.0973,33.4197,
666,Patzun,GT,56.39,clear sky,14.6833,-91.0167,
667,Forestville,US,43.23,clear sky,38.8451,-76.875,
668,Maloh,PH,83.41,few clouds,9.056000000000001,122.9851,
669,Kuala Pilah,MY,79.75,broken clouds,2.7389,102.2487,
670,Saravena,CO,76.62,overcast clouds,6.9538,-71.8752,
671,Belyy Yar,RU,14.86,light shower snow,53.6039,91.3903,
672,Tukrah,LY,59.65,scattered clouds,32.5341,20.5791,
673,Rabo De Peixe,PT,55.27,few clouds,37.8,-25.5833,
674,Berlevag,NO,24.82,broken clouds,70.8578,29.0864,
675,Dennery,LC,80.69,few clouds,13.8996,-60.8879,
676,Baruun-Urt,MN,13.41,clear sky,46.6806,113.2792,
678,Inhambane,MZ,78.13,scattered clouds,-23.865,35.3833,
679,Nefteyugansk,RU,7.05,overcast clouds,61.0998,72.6035,
680,Ajdabiya,LY,57.79,scattered clouds,30.7554,20.2263,
681,Wadi Musa,JO,57.15,overcast clouds,30.3222,35.4793,
682,Black Forest,US,50.72,clear sky,39.0131,-104.7008,
683,Rio Grande,BR,71.71,clear sky,-32.035,-52.0986,
684,Jibuti,DJ,71.02,few clouds,11.5,42.5,
685,Sefophe,BW,74.25,overcast clouds,-22.1833,27.9667,
686,Linqiong,CN,47.52,overcast clouds,30.4159,103.4609,
687,Porto Santo,PT,62.51,scattered clouds,33.071999999999996,-16.3415,
688,Genhe,CN,4.86,overcast clouds,50.7833,121.5167,
689,Mananjary,MG,72.55,light rain,-21.2167,48.3333,
690,Piney Green,US,47.89,clear sky,34.716,-77.3202,
691,Hihya,EG,63.48,overcast clouds,30.6713,31.588,
692,Margate,GB,53.31,overcast clouds,51.3813,1.3862,
693,Agirish,RU,7.02,broken clouds,61.9247,63.0231,
695,Rio Cuarto,AR,60.84,broken clouds,-33.1307,-64.3499,
697,Issaquah,US,41.13,overcast clouds,47.5301,-122.0326,
698,Junin,AR,64.09,clear sky,-34.5838,-60.9433,
699,Dauphin,CA,25.54,scattered clouds,51.1494,-100.0502,
700,Groningen,NL,51.22,mist,53.25,6.75,
701,Yuty,PY,79.79,broken clouds,-26.6,-56.25,
702,Paracuru,BR,82.42,broken clouds,-3.41,-39.0306,
703,Kutum,SD,63.81,scattered clouds,14.2,24.6667,
704,Qasigiannguit,GL,19.65,broken clouds,68.8193,-51.1922,
705,Nieuw Amsterdam,SR,78.03,overcast clouds,5.8833,-55.0833,
706,Florida,US,72.0,overcast clouds,28.7505,-82.5001,
707,Puerto Ayacucho,VE,80.78,broken clouds,5.6639,-67.6236,
708,Kirksville,US,45.59,clear sky,40.1948,-92.5833,
709,Manoel Urbano,BR,75.04,overcast clouds,-8.8389,-69.2597,
710,Ambunti,PG,79.66,overcast clouds,-4.2365,142.8448,
711,Buta,CD,70.61,few clouds,2.7858,24.73,
712,Naudero,PK,50.02,clear sky,27.6648,68.3622,
713,Broome,US,39.65,clear sky,42.2506,-75.833,
714,Nouakchott,MR,74.26,overcast clouds,18.0858,-15.9785,
715,Verkhnyaya Inta,RU,9.0,overcast clouds,65.9811,60.3094,
716,Aguadilla,PR,77.61,overcast clouds,18.4275,-67.1541,
717,Yanam,IN,77.4,overcast clouds,16.7333,82.2167,
718,Kamenka,RU,18.75,overcast clouds,51.3223,42.7678,
719,Grindavik,IS,41.47,broken clouds,63.8424,-22.4338,
